{
  "threshold": 0.37798595428466797,
  "fpr": 0.009884144859434497,
  "tpr": 0.9914912185011454,
  "auc_roc": 0.9990854832341642
}